"Mohamed Fathi",S@S.COM,20eabe5d64b0e216796e834f52d61fd0b70332fc
"Ahmed Fathi",S@S.COM,f7c3bc1d808e04732adf679965ccc34ca7ae3441
"SAID MOHAME",SS@S.com,3b24a17a33b6b319df00ba71f970a8fe869affc3
"Mohamed Fathi",f@f.com,cf6795da1ef2ab0d009f075c796e5773327e4699"
Mohamed Said",sadd@ll.com,235d87806d71591151f8c3727235028581a5419d
"amira saad",am@ir.com,4e74f46722334d65fa69ca0a0f1aa220c186dcfa
"Mohamed Fathi",S@S.COM,f7c3bc1d808e04732adf679965ccc34ca7ae3441
"Mohamed Fathi",S@S.COM,e25d8f012a1127f3ee9c7f1720f873d77b42c68f
"Mohamed Fathi",S@S.COM,0995c33a6de66ac78a2d60f912403bb3468dd09f
"Mohamed Fathi",S@S.COM,f7c3bc1d808e04732adf679965ccc34ca7ae3441
"Mohamed Fathi",S@S.COM,e9f6904803ff3008db4c17f04a2e9b6c8827f8cd
"Mohamed Fathi",S@S.COM,fa3631e34fc9521e738c709f664603a762e60eba
"Mohamed Fathi",S@S.COM,b715f0abb87f6068c09a67a0f7da46bc21a8f807
"Mohamed Fathi",S@S.COM,395fedf19eba6556c7c801241d3bc9781ca5ee91
"Mohamed Fathi",s@s.com,33c0cc8a7ef7ccc9779df2bba74ce4f8d7402644
"Mohamed Fathi",215071@eru.edu.eg,298789950b86eb7581a063cb8a6488176fef74db
